CREATE TABLE Users (
    userid INT PRIMARY KEY,
    first_name VARCHAR(50) NOT NULL,
    last_name VARCHAR(50) NOT NULL,
    date_of_birth DATE NOT NULL,
    account_creation_date DATETIME NOT NULL
);

CREATE TABLE Addresses (
    address_id INT PRIMARY KEY,
    userid INT NOT NULL,
    road_name VARCHAR(100) NOT NULL,
    city VARCHAR(50) NOT NULL,
    state VARCHAR(50) NOT NULL,
    zip_code VARCHAR(10) NOT NULL,
    FOREIGN KEY (userid) REFERENCES Users(userid) ON DELETE CASCADE
);

CREATE TABLE ContactInfo (
    contact_id INT PRIMARY KEY,
    userid INT NOT NULL,
    email_address VARCHAR(100) UNIQUE NOT NULL,
    phone_number VARCHAR(20) UNIQUE NOT NULL,
    social_security_number CHAR(11) UNIQUE NOT NULL,
    FOREIGN KEY (userid) REFERENCES Users(userid) ON DELETE CASCADE
);

INSERT INTO Users (userid, first_name, last_name, date_of_birth, account_creation_date) VALUES
(1, 'John', 'Doe', '1985-06-15', '2023-01-10 14:30:00'),
(2, 'Jane', 'Smith', '1992-09-22', '2023-02-12 09:45:00'),
(3, 'Michael', 'Johnson', '1988-03-11', '2023-03-05 18:20:00'),
(4, 'Emily', 'Davis', '1995-12-01', '2023-04-15 12:00:00'),
(5, 'David', 'Brown', '1990-07-18', '2023-05-20 16:45:00'),
(6, 'Sarah', 'Miller', '1998-01-30', '2023-06-25 08:10:00'),
(7, 'James', 'Wilson', '1983-04-05', '2023-07-18 10:30:00'),
(8, 'Jessica', 'Moore', '1994-08-12', '2023-08-14 15:50:00'),
(9, 'Daniel', 'Taylor', '1986-02-20', '2023-09-30 20:00:00'),
(10, 'Ashley', 'Anderson', '1991-11-25', '2023-10-12 07:25:00'),
(11, 'Matthew', 'Thomas', '1997-06-09', '2023-11-03 11:15:00'),
(12, 'Olivia', 'Jackson', '1989-05-28', '2023-12-05 14:40:00'),
(13, 'Ethan', 'White', '1993-10-10', '2023-12-20 09:05:00'),
(14, 'Sophia', 'Harris', '1987-07-07', '2024-01-01 19:30:00'),
(15, 'Christopher', 'Martin', '1996-02-14', '2024-01-15 16:55:00'),
(16, 'Isabella', 'Thompson', '1990-09-29', '2024-02-10 08:35:00'),
(17, 'Mason', 'Garcia', '1995-11-17', '2024-03-02 22:10:00'),
(18, 'Ava', 'Martinez', '1984-04-21', '2024-03-18 10:45:00'),
(19, 'Alexander', 'Robinson', '1982-06-30', '2024-04-12 13:25:00'),
(20, 'Mia', 'Clark', '1999-01-08', '2024-05-07 09:15:00'),
(21, 'Benjamin', 'Rodriguez', '1993-03-27', '2024-06-01 17:50:00'),
(22, 'Charlotte', 'Lewis', '1981-07-13', '2024-06-25 11:30:00'),
(23, 'Elijah', 'Lee', '1994-12-24', '2024-07-05 14:20:00'),
(24, 'Amelia', 'Walker', '1980-08-05', '2024-07-22 18:40:00'),
(25, 'Lucas', 'Hall', '1985-02-11', '2024-08-10 07:55:00'),
(26, 'Harper', 'Allen', '1998-09-20', '2024-08-30 21:35:00'),
(27, 'Henry', 'Young', '1986-05-02', '2024-09-15 12:10:00'),
(28, 'Evelyn', 'Hernandez', '1992-10-31', '2024-10-03 16:20:00'),
(29, 'Sebastian', 'King', '1997-01-19', '2024-10-25 09:45:00'),
(30, 'Scarlett', 'Scott', '1983-07-28', '2024-11-12 20:55:00');

INSERT INTO Addresses (address_id, userid, road_name, city, state, zip_code) VALUES
(1, 1, '123 Main St', 'New York', 'NY', '10001'),
(2, 2, '456 Elm St', 'Los Angeles', 'CA', '90002'),
(3, 3, '789 Oak St', 'Chicago', 'IL', '60603'),
(4, 4, '101 Pine St', 'Houston', 'TX', '77004'),
(5, 5, '202 Cedar St', 'Phoenix', 'AZ', '85005'),
(6, 6, '303 Birch St', 'Philadelphia', 'PA', '19106'),
(7, 7, '404 Maple St', 'San Antonio', 'TX', '78207'),
(8, 8, '505 Walnut St', 'San Diego', 'CA', '92108'),
(9, 9, '606 Spruce St', 'Dallas', 'TX', '75209'),
(10, 10, '707 Cherry St', 'San Jose', 'CA', '95110'),
(11, 11, '808 Magnolia St', 'Austin', 'TX', '73301'),
(12, 12, '909 Poplar St', 'Jacksonville', 'FL', '32099'),
(13, 13, '111 Redwood St', 'Fort Worth', 'TX', '76102'),
(14, 14, '222 Ash St', 'Columbus', 'OH', '43085'),
(15, 15, '333 Chestnut St', 'San Francisco', 'CA', '94103'),
(16, 16, '444 Willow St', 'Indianapolis', 'IN', '46204'),
(17, 17, '555 Aspen St', 'Charlotte', 'NC', '28205'),
(18, 18, '666 Cypress St', 'Seattle', 'WA', '98109'),
(19, 19, '777 Dogwood St', 'Denver', 'CO', '80203'),
(20, 20, '888 Hawthorn St', 'Boston', 'MA', '02108'),
(21, 21, '999 Laurel St', 'Nashville', 'TN', '37212'),
(22, 22, '1210 Beech St', 'Oklahoma City', 'OK', '73102'),
(23, 23, '1311 Mahogany St', 'Louisville', 'KY', '40202'),
(24, 24, '1412 Elm St', 'Portland', 'OR', '97205'),
(25, 25, '1513 Sycamore St', 'Las Vegas', 'NV', '89101'),
(26, 26, '1614 Hickory St', 'Detroit', 'MI', '48226'),
(27, 27, '1715 Acacia St', 'Memphis', 'TN', '38103'),
(28, 28, '1816 Elderberry St', 'Baltimore', 'MD', '21201'),
(29, 29, '1917 Linden St', 'Milwaukee', 'WI', '53202'),
(30, 30, '2018 Palm St', 'Albuquerque', 'NM', '87102');

INSERT INTO ContactInfo (contact_id, userid, email_address, phone_number, social_security_number) VALUES
(1, 1, 'john.doe1@example.com', '555-123-0001', '123-45-6781'),
(2, 2, 'jane.doe2@example.com', '555-123-0002', '123-45-6782'),
(3, 3, 'alice.smith3@example.com', '555-123-0003', '123-45-6783'),
(4, 4, 'bob.johnson4@example.com', '555-123-0004', '123-45-6784'),
(5, 5, 'charlie.brown5@example.com', '555-123-0005', '123-45-6785'),
(6, 6, 'david.williams6@example.com', '555-123-0006', '123-45-6786'),
(7, 7, 'eva.jones7@example.com', '555-123-0007', '123-45-6787'),
(8, 8, 'frank.miller8@example.com', '555-123-0008', '123-45-6788'),
(9, 9, 'grace.davis9@example.com', '555-123-0009', '123-45-6789'),
(10, 10, 'henry.wilson10@example.com', '555-123-0010', '123-45-6790'),
(11, 11, 'isabella.moore11@example.com', '555-123-0011', '123-45-6791'),
(12, 12, 'jack.taylor12@example.com', '555-123-0012', '123-45-6792'),
(13, 13, 'karen.anderson13@example.com', '555-123-0013', '123-45-6793'),
(14, 14, 'leo.thomas14@example.com', '555-123-0014', '123-45-6794'),
(15, 15, 'mia.jackson15@example.com', '555-123-0015', '123-45-6795'),
(16, 16, 'nick.white16@example.com', '555-123-0016', '123-45-6796'),
(17, 17, 'olivia.harris17@example.com', '555-123-0017', '123-45-6797'),
(18, 18, 'peter.martin18@example.com', '555-123-0018', '123-45-6798'),
(19, 19, 'quincy.lee19@example.com', '555-123-0019', '123-45-6799'),
(20, 20, 'rachel.walker20@example.com', '555-123-0020', '123-45-6800'),
(21, 21, 'samuel.young21@example.com', '555-123-0021', '123-45-6801'),
(22, 22, 'tina.allen22@example.com', '555-123-0022', '123-45-6802'),
(23, 23, 'ulysses.scott23@example.com', '555-123-0023', '123-45-6803'),
(24, 24, 'victor.green24@example.com', '555-123-0024', '123-45-6804'),
(25, 25, 'wendy.hall25@example.com', '555-123-0025', '123-45-6805'),
(26, 26, 'xavier.adams26@example.com', '555-123-0026', '123-45-6806'),
(27, 27, 'yasmine.baker27@example.com', '555-123-0027', '123-45-6807'),
(28, 28, 'zachary.carter28@example.com', '555-123-0028', '123-45-6808'),
(29, 29, 'amelia.hernandez29@example.com', '555-123-0029', '123-45-6809'),
(30, 30, 'benjamin.rivera30@example.com', '555-123-0030', '123-45-6810');
